id,title,description,min_level,section,image,section_image
1,"What ""AI"" Really Means","What artificial intelligence and generative AI are, in plain words.",1,What AI Is,unit1.png,
2,How a Chatbot Works,How a chatbot learns from text and writes its answers.,1,What AI Is,unit2.png,
3,What AI Does Well and Badly,The jobs AI is good at and where it still struggles.,1,What AI Is,unit3.png,
4,"Tokens, Context and Memory",How AI reads text and how much it can keep in view.,2,What AI Is,unit4.png,
5,Anatomy of a Prompt,What a prompt is and the four parts of a good one.,1,Prompting Basics,unit5.png,
6,Be Specific,Tell the AI who the answer is for and what you already know.,2,Prompting Basics,unit6.png,
7,Show an Example,Get better answers by showing the AI what you want.,3,Prompting Basics,unit7.png,
8,Ask for a Format,Control the shape and limits of the answer.,2,Prompting Basics,unit8.png,
9,Iterate to Improve,Improve an answer with follow-ups and step-by-step thinking.,2,Prompting Basics,unit9.png,
10,Common Prompting Mistakes,The prompt habits that quietly ruin your results.,2,Prompting Basics,unit10.png,
11,Hallucinations,Why AI sometimes invents facts and how to spot it.,2,Trust and Verification,unit11.png,
12,Checking Facts,How to check what an AI tells you.,2,Trust and Verification,unit12.png,
13,Bias,How AI can give unfair or skewed answers.,3,Trust and Verification,unit13.png,
14,When Not to Use AI,Decisions that need a human in charge.,3,Trust and Verification,unit14.png,
15,Privacy,What never to paste into a chatbot and where your chats go.,2,Safe and Responsible Use,unit15.png,
16,Policy and Copyright,Workplace rules and who owns what AI makes.,3,Safe and Responsible Use,unit16.png,
17,Deepfakes and AI Scams,"Fake voices, fake videos and AI-written scams.",2,Safe and Responsible Use,unit17.png,
18,Writing with AI,"Draft, polish and personalise your writing.",2,AI at Work,unit18.png,
19,Summarizing,Turn long documents and meetings into short notes.,2,AI at Work,unit19.png,
20,Research and Learning,Learn new topics quickly and compare options.,2,AI at Work,unit20.png,
21,Spreadsheets and Data,"Use AI for formulas and messy data, and check its numbers.",3,AI at Work,unit21.png,
22,Brainstorming and Planning,"Generate ideas, plan projects and test your thinking.",2,AI at Work,unit22.png,
23,Automation,Reuse prompts and meet assistants and agents.,3,AI at Work,unit23.png,
24,Choosing Tools,Pick between free and paid plans and match tools to tasks.,2,Going Further,unit24.png,
25,Your AI Workflow,Build a lasting routine and keep up with change.,3,Going Further,unit25.png,
